file,line,locale,oldUrl,action,newUrl,reason,nearestCandidates
main/docs/fr-ca/libraries/auth0-android/auth0-android-configuration.mdx,36,fr-ca,https://manage.auth0.com/#,unchanged-root,,,
main/docs/fr-ca/libraries/auth0-android/auth0-android-configuration.mdx,70,fr-ca,https://manage.auth0.com/#,unchanged-root,,,
main/docs/fr-ca/libraries/auth0-php/using-the-management-api-with-auth0-php.mdx,31,fr-ca,https://manage.auth0.com/#/apis,rewritten,https://manage.auth0.com/dashboard/#/apis,http → https + new path,
main/docs/fr-ca/libraries/auth0-single-page-app-sdk.mdx,301,fr-ca,https://manage.auth0.com/#/apis,rewritten,https://manage.auth0.com/dashboard/#/apis,http → https + new path,
main/docs/fr-ca/libraries/auth0-swift.mdx,78,fr-ca,https://manage.auth0.com/#/applications/,rewritten,https://manage.auth0.com/dashboard/#/applications,http → https + new path,
main/docs/fr-ca/libraries/auth0-swift.mdx,125,fr-ca,https://manage.auth0.com/#/applications/,rewritten,https://manage.auth0.com/dashboard/#/applications,http → https + new path,
main/docs/fr-ca/libraries/auth0js.mdx,43,fr-ca,https://manage.auth0.com/#/applications,rewritten,https://manage.auth0.com/dashboard/#/applications,http → https + new path,
main/docs/fr-ca/libraries/auth0js.mdx,409,fr-ca,https://manage.auth0.com/#,unchanged-root,,,
main/docs/fr-ca/libraries/auth0js.mdx,409,fr-ca,https://manage.auth0.com/#,unchanged-root,,,
main/docs/fr-ca/libraries/auth0js.mdx,481,fr-ca,https://manage.auth0.com/#/rules,rewritten,https://manage.auth0.com/dashboard/#/rules,add /dashboard/ prefix,
main/docs/fr-ca/libraries/auth0js.mdx,487,fr-ca,https://manage.auth0.com/#,unchanged-root,,,
main/docs/fr-ca/libraries/custom-signup.mdx,68,fr-ca,https://manage.auth0.com/#/connections/database/,rewritten,https://manage.auth0.com/dashboard/#/authentication/database,http → https + new path,
main/docs/fr-ca/libraries/lock-android.mdx,43,fr-ca,https://manage.auth0.com/#,unchanged-root,,,
main/docs/fr-ca/libraries/lock-android/android-development-keystores-hashes.mdx,6,fr-ca,https://manage.auth0.com/#,unchanged-root,,,
main/docs/fr-ca/libraries/lock-android/android-development-keystores-hashes.mdx,42,fr-ca,https://manage.auth0.com/#/applications,rewritten,https://manage.auth0.com/dashboard/#/applications,http → https + new path,
main/docs/fr-ca/libraries/lock-android/lock-android-configuration.mdx,54,fr-ca,https://manage.auth0.com/#,unchanged-root,,,
main/docs/fr-ca/libraries/lock-android/lock-android-configuration.mdx,54,fr-ca,https://manage.auth0.com/#,unchanged-root,,,
main/docs/fr-ca/libraries/lock-android/lock-android-custom-theming.mdx,67,fr-ca,https://manage.auth0.com/#/extensions,rewritten,https://manage.auth0.com/dashboard/#/extensions/list,path changed,
main/docs/fr-ca/libraries/lock-android/lock-android-native-social-authentication.mdx,33,fr-ca,https://manage.auth0.com/#/connections/social,rewritten,https://manage.auth0.com/dashboard/#/connections,path changed,
main/docs/fr-ca/libraries/lock-android/lock-android-native-social-authentication.mdx,39,fr-ca,https://manage.auth0.com/#/applications,rewritten,https://manage.auth0.com/dashboard/#/applications,http → https + new path,
main/docs/fr-ca/libraries/lock-android/lock-android-native-social-authentication.mdx,195,fr-ca,https://manage.auth0.com/#/connections/social,rewritten,https://manage.auth0.com/dashboard/#/connections,path changed,
main/docs/fr-ca/libraries/lock-android/lock-android-native-social-authentication.mdx,200,fr-ca,https://manage.auth0.com/#/applications,rewritten,https://manage.auth0.com/dashboard/#/applications,http → https + new path,
main/docs/fr-ca/libraries/lock-android/lock-android-passwordless-with-magic-link.mdx,12,fr-ca,https://manage.auth0.com/#/applications/\{yourClientId}/settings,rewritten,https://manage.auth0.com/dashboard/#/applications/{yourClientId}/settings,path changed,
main/docs/fr-ca/libraries/lock-android/lock-android-passwordless-with-magic-link.mdx,33,fr-ca,https://manage.auth0.com/#/applications/authentication,rewritten,https://manage.auth0.com/dashboard/#/applications/{yourClientId}/login-experience,path changed,
main/docs/fr-ca/libraries/lock-android/lock-android-passwordless.mdx,12,fr-ca,https://manage.auth0.com/#/connections/passwordless,rewritten,https://manage.auth0.com/dashboard/#/authentication/passwordless,path changed,
main/docs/fr-ca/libraries/lock-swift.mdx,73,fr-ca,https://manage.auth0.com/#,unchanged-root,,,
main/docs/fr-ca/libraries/lock-swift/lock-swift-configuration-options.mdx,126,fr-ca,https://manage.auth0.com/#/,unchanged-root,,,
main/docs/fr-ca/libraries/lock.mdx,50,fr-ca,https://manage.auth0.com/#/applications/\{yourClientId}/settings,rewritten,https://manage.auth0.com/dashboard/#/applications/{yourClientId}/settings,path changed,
main/docs/fr-ca/libraries/lock.mdx,56,fr-ca,https://manage.auth0.com/#,unchanged-root,,,
main/docs/fr-ca/libraries/lock.mdx,162,fr-ca,https://manage.auth0.com/#,unchanged-root,,,
main/docs/fr-ca/libraries/lock/lock-api-reference.mdx,22,fr-ca,https://manage.auth0.com/#/,unchanged-root,,,
main/docs/fr-ca/libraries/lock/lock-api-reference.mdx,22,fr-ca,https://manage.auth0.com/#/applications,rewritten,https://manage.auth0.com/dashboard/#/applications,http → https + new path,
